,Title,Postcode,District,Street,Type,Size,Rooms,Furnished,Neighborhood_x,SLatitude,SLongitude,Rent
104,Bellamystraat,3514EK,Wijk 04 Noordoost,Bellamystraat,Apartment,124,3,furnished,Noordoost,52.097603139017004,5.1189720192140005,3250
164,Buys Ballotstraat,3572ZP,Wijk 04 Noordoost,Buys Ballotstraat,Apartment,80,2,upholstered,Noordoost,52.096736904664,5.1399165976626,2250
163,Buys Ballotstraat,3572ZP,Wijk 04 Noordoost,Buys Ballotstraat,Apartment,80,2,furnished,Noordoost,52.096736904664,5.1399165976626,1745
162,M.A. de Ruyterstraat,3572XN,Wijk 04 Noordoost,M.A. de Ruyterstraat,Apartment,169,4,upholstered,Noordoost,52.100593207654,5.1359369029040005,2500
161,Bouwstraat,3572SR,Wijk 04 Noordoost,Bouwstraat,House,64,3,furnished,Noordoost,52.097245849094,5.129889394789201,1595
160,Willem Barentszstraat,3572PK,Wijk 04 Noordoost,Willem Barentszstraat,Studio,30,1,furnished,Noordoost,52.097054268220006,5.140555800651,1060
159,Huizingalaan,3572LL,Wijk 04 Noordoost,Huizingalaan,Apartment,35,1,furnished,Noordoost,52.099972958661006,5.140750306082401,1800
158,Huizingalaan,3572LL,Wijk 04 Noordoost,Huizingalaan,Apartment,35,1,furnished,Noordoost,52.099972958661006,5.140750306082401,1800
157,Huizingalaan,3572LL,Wijk 04 Noordoost,Huizingalaan,Apartment,45,1,furnished,Noordoost,52.099972958661006,5.140750306082401,2100
156,Huizingalaan,3572LL,Wijk 04 Noordoost,Huizingalaan,Apartment,45,1,furnished,Noordoost,52.099972958661006,5.140750306082401,2100
155,Griftstraat,3572GT,Wijk 04 Noordoost,Griftstraat,House,75,2,upholstered,Noordoost,52.098549691830996,5.1344970921141,1500
154,Biltstraat22-ABS,3572BB,Wijk 04 Noordoost,Biltstraat,Apartment,100,2,furnished,Noordoost,52.095243810355996,5.127682485295099,1500
153,De Vooysplantsoen,3571ZR,Wijk 04 Noordoost,De Vooysplantsoen,Apartment,75,2,furnished,Noordoost,52.103127459635,5.1349273146239005,1400
152,Dr. H.J. Lovinklaan5,3571WC,Wijk 04 Noordoost,Dr. H.J. Lovinklaan,House,117,3,furnished,Noordoost,52.104819621596,5.1290300000733,2200
151,Obbinklaan100,3571NJ,Wijk 04 Noordoost,Obbinklaan,Apartment,95,3,shell,Noordoost,52.106367823675,5.1352574434793,1295
165,Pal Maleterstraat,3573PE,Wijk 04 Noordoost,Pal Maleterstraat,Apartment,100,3,furnished,Noordoost,52.107884451232,5.1438706468608,1546
150,Troosterhof,3571NC,Wijk 04 Noordoost,Troosterhof,Apartment,75,2,shell,Noordoost,52.106674851891,5.1353742145561,1500
148,Lamérislaan,3571LA,Wijk 04 Noordoost,Lamérislaan,House,119,5,furnished,Noordoost,52.107507393864005,5.1371858531784005,1600
147,Prof. Zonnebloemlaan,3571KR,Wijk 04 Noordoost,Prof. Zonnebloemlaan,Apartment,90,2,furnished,Noordoost,52.107602147777996,5.1345626892736,1425
110,Jan van den Doemstraat,3515XN,Wijk 04 Noordoost,Jan van den Doemstraat,Apartment,56,2,shell,Noordoost,52.104333591907995,5.1227066077367,1300
109,Jacob van der Borchstraat,3515XE,Wijk 04 Noordoost,Jacob van der Borchstraat,Apartment,55,1,furnished,Noordoost,52.103879612958,5.1198013568074,1350
108,Gerard Noodtstraat,3515VV,Wijk 04 Noordoost,Gerard Noodtstraat,House,115,4,upholstered,Noordoost,52.102944750094004,5.1206718304717,1625
107,Van Humboldtstraat,3514GP,Wijk 04 Noordoost,Van Humboldtstraat,Apartment,40,1,furnished,Noordoost,52.099322705716,5.1218932727055,1395
106,Willem van Noortplein,3514GK,Wijk 04 Noordoost,Willem van Noortplein,Apartment,70,1,upholstered,Noordoost,52.102383784299,5.1230437234560995,1395
105,Duifstraat38,3514ER,Wijk 04 Noordoost,Duifstraat,House,100,3,furnished,Noordoost,52.09770874831899,5.119562176615401,1850
103,Nieuwe Koekoekstraat,3514EB,Wijk 04 Noordoost,Nieuwe Koekoekstraat,Apartment,60,2,furnished,Noordoost,52.098205991145,5.119499708156299,1495
102,Adelaarstraat,3514CH,Wijk 04 Noordoost,Adelaarstraat,Apartment,75,2,furnished,Noordoost,52.099573910173,5.1173635910643,1495
101,Wittevrouwensingel,3514AM,Wijk 04 Noordoost,Wittevrouwensingel,Apartment,50,1,upholstered,Noordoost,52.097978394128,5.1252233031023,1395
100,Weerdsingel O.Z.,3514AG,Wijk 04 Noordoost,Weerdsingel O.Z.,Apartment,75,1,furnished,Noordoost,52.097396233175004,5.1221057215399,1995
99,Weerdsingel O.Z.,3514AA,Wijk 04 Noordoost,Weerdsingel O.Z.,Apartment,45,1,furnished,Noordoost,52.096756126494,5.116716883397,2400
98,Weerdsingel O.Z.,3514AA,Wijk 04 Noordoost,Weerdsingel O.Z.,Apartment,45,1,furnished,Noordoost,52.096756126494,5.116716883397,2100
149,Troosterhof,3571NC,Wijk 04 Noordoost,Troosterhof,Apartment,75,2,shell,Noordoost,52.106674851891,5.1353742145561,1500
97,Weerdsingel O.Z.,3514AA,Wijk 04 Noordoost,Weerdsingel O.Z.,Apartment,45,1,furnished,Noordoost,52.096756126494,5.116716883397,2400
96,Weerdsingel O.Z.,3514AA,Wijk 04 Noordoost,Weerdsingel O.Z.,Apartment,45,1,furnished,Noordoost,52.096756126494,5.116716883397,2100
173,Emmalaan,3581HS,Wijk 05 Oost,Emmalaan,Apartment,60,1,upholstered,Oost,52.093743399657,5.1409628399624,1195
191,Johan van Oldenbarneveltlaan5,3581XZ,Wijk 05 Oost,Johan van Oldenbarneveltlaan,Villa,210,4,furnished,Oost,52.088213723098,5.1299402425139,2750
192,Tolsteegsingel,3582AK,Wijk 05 Oost,Tolsteegsingel,Apartment,35,1,furnished,Oost,52.081431360414,5.1262475479854,1500
193,Tolsteegsingel,3582AK,Wijk 05 Oost,Tolsteegsingel,Apartment,35,1,furnished,Oost,52.081431360414,5.1262475479854,1500
194,Tolsteegsingel,3582AL,Wijk 05 Oost,Tolsteegsingel,Apartment,135,2,furnished,Oost,52.081249695662,5.126084851651799,1700
195,Oosterkade,3582AT,Wijk 05 Oost,Oosterkade,Apartment,110,3,furnished,Oost,52.079893593703005,5.1236600568855994,1675
196,Wulpstraat89,3582AW,Wijk 05 Oost,Alkhof,Apartment,30,1,upholstered,Oost,52.079801751800005,5.1252898370344,1095
197,Abstederdijk,3582BE,Wijk 05 Oost,Abstederdijk,House,75,2,furnished,Oost,52.08358126373201,5.1299717016335995,1250
198,Minstraat33,3582CB,Wijk 05 Oost,Minstraat,House,70,2,furnished,Oost,52.083785543032,5.1330993081970995,1800
199,Gansstraat28-BS,3582EH,Wijk 05 Oost,Gansstraat,Apartment,45,1,upholstered,Oost,52.080597276843,5.1251894909069,1250
200,Rubenslaan55-1,3582JB,Wijk 05 Oost,Rubenslaan,Apartment,80,2,furnished,Oost,52.078815506156,5.1355915852139,1400
207,Herculeslaan,3584AB,Wijk 05 Oost,Herculeslaan,Apartment,126,2,upholstered,Oost,52.081056386807006,5.1489103365295,1950
201,Ina Boudier-Bakkerlaan,3582VA,Wijk 05 Oost,Ina Boudier-Bakkerlaan,Apartment,51,1,furnished,Oost,52.081422420129,5.1345156223973,1350
202,Ina Boudier-Bakkerlaan,3582VA,Wijk 05 Oost,Ina Boudier-Bakkerlaan,Apartment,30,1,upholstered,Oost,52.081422420129,5.1345156223973,895
203,Adriaen van Ostadelaan,3583AH,Wijk 05 Oost,Adriaen van Ostadelaan,Apartment,75,2,furnished,Oost,52.079035735902,5.1410714986462995,1700
204,Van der Helststraat28,3583AV,Wijk 05 Oost,Van der Helststraat,House,70,2,upholstered,Oost,52.081503484722994,5.1425337849860995,1275
205,Prins Hendriklaan,3583EN,Wijk 05 Oost,Prins Hendriklaan,Apartment,65,1,furnished,Oost,52.086392036588,5.144252282155,1500
206,Herculeslaan,3584AB,Wijk 05 Oost,Herculeslaan,Apartment,131,2,upholstered,Oost,52.081056386807006,5.1489103365295,1995
190,Bolstraat,3581WX,Wijk 05 Oost,Bolstraat,Apartment,95,3,furnished,Oost,52.088587048330005,5.1338585138787005,1695
189,Wagenstraat,3581WR,Wijk 05 Oost,Wagenstraat,Apartment,60,1,furnished,Oost,52.089841101202005,5.1340235615075,1500
188,Wagendwarsstraat,3581WL,Wijk 05 Oost,Wagendwarsstraat,Apartment,50,1,upholstered,Oost,52.089694712974,5.1345816128732995,1500
187,Wolter Heukelslaan,3581SV,Wijk 05 Oost,Wolter Heukelslaan,Apartment,200,3,furnished,Oost,52.093060194201,5.1378407371109,3000
172,Emmalaan,3581HS,Wijk 05 Oost,Emmalaan,Apartment,60,1,upholstered,Oost,52.093743399657,5.1409628399624,1195
171,Mulderstraat,3581GR,Wijk 05 Oost,Mulderstraat,Apartment,55,2,furnished,Oost,52.093448484882,5.1307374500205,1500
175,Homeruslaan70,3581MJ,Wijk 05 Oost,Homeruslaan,Apartment,90,2,upholstered,Oost,52.08555028926,5.136477042699799,1850
169,Mgr. van de Weteringstraat62,3581EK,Wijk 05 Oost,Mgr. van de Weteringstraat,House,100,3,upholstered,Oost,52.093689714647,5.1340310580522,2350
168,Mgr. van de Weteringstraat,3581EE,Wijk 05 Oost,Mgr. van de Weteringstraat,Apartment,65,2,upholstered,Oost,52.094993634998,5.1366316704079,1650
167,Maliebaan,3581CB,Wijk 05 Oost,Maliebaan,Apartment,111,2,upholstered,Oost,52.08914464930199,5.130912888299,1995
166,Maliebaan21-C,3581CB,Wijk 05 Oost,Maliebaan,Apartment,60,1,upholstered,Oost,52.08914464930199,5.130912888299,1250
176,Parkstraat29,3581PC,Wijk 05 Oost,Parkstraat,House,125,1,furnished,Oost,52.090980874859,5.129725161072,2250
174,Oudwijkerveldstraat,3581JL,Wijk 05 Oost,Oudwijkerveldstraat,Apartment,62,1,upholstered,Oost,52.090158134762,5.135755450379599,1350
177,Kerkstraat,3581RA,Wijk 05 Oost,Kerkstraat,Apartment,70,2,upholstered,Oost,52.092759216031,5.1310531977395,1575
179,Maliestraat,3581SH,Wijk 05 Oost,Maliestraat,Apartment,106,2,furnished,Oost,52.094494408676994,5.13676675567,2325
180,Maliestraat,3581SH,Wijk 05 Oost,Maliestraat,Apartment,109,2,furnished,Oost,52.094494408676994,5.13676675567,2150
181,Maliestraat,3581SH,Wijk 05 Oost,Maliestraat,Apartment,106,2,furnished,Oost,52.094494408676994,5.13676675567,2325
182,Maliestraat,3581SH,Wijk 05 Oost,Maliestraat,Apartment,50,1,upholstered,Oost,52.094494408676994,5.13676675567,1650
183,Maliestraat,3581SH,Wijk 05 Oost,Maliestraat,Apartment,109,2,furnished,Oost,52.094494408676994,5.13676675567,2150
184,Maliestraat,3581SH,Wijk 05 Oost,Maliestraat,Apartment,45,1,upholstered,Oost,52.094494408676994,5.13676675567,1550
185,Maliestraat,3581SH,Wijk 05 Oost,Maliestraat,Apartment,50,1,upholstered,Oost,52.094494408676994,5.13676675567,1650
186,Wolter Heukelslaan,3581SV,Wijk 05 Oost,Wolter Heukelslaan,Apartment,200,3,furnished,Oost,52.093060194201,5.1378407371109,3000
178,Adriaanstraat,3581SE,Wijk 05 Oost,Adriaanstraat,House,120,3,upholstered,Oost,52.094124577561,5.1338200669883,1895
170,Van Lidth de Jeudestraat2,3581GH,Wijk 05 Oost,Van Lidth de Jeudestraat,House,184,5,shell,Oost,52.093435808546,5.129416663962,2200
208,Albert van Dalsumlaan,3584HA,Wijk 05 Oost,Albert van Dalsumlaan,Apartment,100,2,furnished,Oost,52.085837160051,5.149744495467701,1450
77,Achter St.-Pieter,3512HT,Wijk 06 Binnenstad,Achter St.-Pieter,Apartment,60,3,furnished,Binnenstad,52.091320317836,5.1235500481196,3200
33,Carry van Bruggenstraat,3511MZ,Wijk 06 Binnenstad,Carry van Bruggenstraat,Apartment,65,2,furnished,Binnenstad,52.083785477377994,5.1171537795574,1550
34,Arthur van Schendelstraat,3511MZ,Wijk 06 Binnenstad,Carry van Bruggenstraat,Apartment,76,2,upholstered,Binnenstad,52.083785477377994,5.1171537795574,1500
35,Arthur van Schendelstraat,3511MZ,Wijk 06 Binnenstad,Carry van Bruggenstraat,Apartment,75,2,upholstered,Binnenstad,52.083785477377994,5.1171537795574,1295
36,Oudegracht,3511NH,Wijk 06 Binnenstad,Oudegracht,Apartment,53,1,furnished,Binnenstad,52.088091115436,5.1212208634199,1475
37,Oudegracht,3511NL,Wijk 06 Binnenstad,Oudegracht,Apartment,70,1,furnished,Binnenstad,52.087261497476995,5.121503185610299,1205
38,Oudegracht,3511NN,Wijk 06 Binnenstad,Oudegracht,Apartment,40,1,furnished,Binnenstad,52.086497805164,5.1217108818707,1400
39,Oudegracht273-B,3511NN,Wijk 06 Binnenstad,Oudegracht,Apartment,50,1,furnished,Binnenstad,52.086497805164,5.1217108818707,1400
40,Oudegracht,3511NX,Wijk 06 Binnenstad,Oudegracht,Apartment,70,1,furnished,Binnenstad,52.086579995046996,5.1224514190658,1695
41,Oudegracht,3511PG,Wijk 06 Binnenstad,Oudegracht,Apartment,117,2,furnished,Binnenstad,52.083491982019,5.1226239214846,1950
42,Oudegracht,3511PH,Wijk 06 Binnenstad,Oudegracht,Apartment,117,1,furnished,Binnenstad,52.08288360296601,5.1223813157961,1650
43,Oudegracht,3511PL,Wijk 06 Binnenstad,Oudegracht,Apartment,100,2,furnished,Binnenstad,52.085578398643996,5.122756277144,1795
44,Lange Smeestraat,3511PW,Wijk 06 Binnenstad,Lange Smeestraat,House,80,2,upholstered,Binnenstad,52.086079288086005,5.1214303074044,1500
45,Lange Smeestraat,3511PW,Wijk 06 Binnenstad,Lange Smeestraat,Apartment,124,2,shell,Binnenstad,52.086079288086005,5.1214303074044,1995
46,Nieuwekade,3511RW,Wijk 06 Binnenstad,Nieuwekade,Apartment,72,2,furnished,Binnenstad,52.096403974427005,5.114097893555,1590
47,Springweg67-A,3511VK,Wijk 06 Binnenstad,Springweg,Apartment,86,2,furnished,Binnenstad,52.087020706987,5.1197995414160005,1800
48,Springweg492,3511VZ,Wijk 06 Binnenstad,Andreashof,Apartment,46,1,furnished,Binnenstad,52.086269757618,5.1194844884143,1200
49,Geertekerkhof8,3511XB,Wijk 06 Binnenstad,Geertekerkhof,House,121,3,furnished,Binnenstad,52.084962108045,5.121183723562799,1895
50,Geertestraat,3511XD,Wijk 06 Binnenstad,Geertestraat,Apartment,80,1,furnished,Binnenstad,52.084960254391,5.1217815602252,1350
51,Vinkenburgstraat,3512AB,Wijk 06 Binnenstad,Vinkenburgstraat,Apartment,55,1,upholstered,Binnenstad,52.092556506772006,5.1177925681613,1275
52,Neude,3512AD,Wijk 06 Binnenstad,Neude,Apartment,100,2,furnished,Binnenstad,52.093228840491,5.1190932693255,3000
53,Voorstraat,3512AH,Wijk 06 Binnenstad,Voorstraat,Apartment,70,2,furnished,Binnenstad,52.094074177726,5.1193013550821,2100
54,Voorstraat,3512AH,Wijk 06 Binnenstad,Voorstraat,Apartment,70,2,furnished,Binnenstad,52.094074177726,5.1193013550821,2100
55,Voorstraat,3512AH,Wijk 06 Binnenstad,Voorstraat,Apartment,125,3,upholstered,Binnenstad,52.094074177726,5.1193013550821,2750
56,Voorstraat,3512AH,Wijk 06 Binnenstad,Voorstraat,Apartment,125,3,upholstered,Binnenstad,52.094074177726,5.1193013550821,2750
57,Voorstraat,3512AH,Wijk 06 Binnenstad,Voorstraat,Apartment,45,1,furnished,Binnenstad,52.094074177726,5.1193013550821,1850
58,Voorstraat,3512AH,Wijk 06 Binnenstad,Voorstraat,Apartment,45,1,upholstered,Binnenstad,52.094074177726,5.1193013550821,1900
59,Voorstraat,3512AH,Wijk 06 Binnenstad,Voorstraat,Apartment,45,1,upholstered,Binnenstad,52.094074177726,5.1193013550821,1900
32,Henriëtte Roland Holststraat,3511MV,Wijk 06 Binnenstad,Henriëtte Roland Holststraat,Apartment,74,1,upholstered,Binnenstad,52.082444280909,5.1196059125732,1420
31,Arthur van Schendelstraat,3511MP,Wijk 06 Binnenstad,Arthur van Schendelstraat,Apartment,85,2,furnished,Binnenstad,52.083115661549996,5.1174369709646,1575
30,Arthur van Schendelstraat,3511MP,Wijk 06 Binnenstad,Arthur van Schendelstraat,Apartment,100,2,furnished,Binnenstad,52.083115661549996,5.1174369709646,1745
29,Buurkerkhof,3511KC,Wijk 06 Binnenstad,Buurkerkhof,Apartment,62,1,furnished,Binnenstad,52.090338372158,5.119060226855,1400
1,Zakkendragershof,3511AE,Wijk 06 Binnenstad,Zakkendragershof,Apartment,73,3,furnished,Binnenstad,52.092719381544,5.1157568800923,1695
2,Hekelsteeg,3511AK,Wijk 06 Binnenstad,Oudegracht aan de Werf,Apartment,148,2,upholstered,Binnenstad,52.091565322650005,5.1189335811329,1920
3,Oudegracht152-K,3511AZ,Wijk 06 Binnenstad,Oudegracht,Studio,75,1,furnished,Binnenstad,52.091868122087,5.1180602765473,2450
4,Oudegracht,3511AZ,Wijk 06 Binnenstad,Oudegracht,Apartment,137,1,furnished,Binnenstad,52.091868122087,5.1180602765473,3100
5,Oudegracht,3511AZ,Wijk 06 Binnenstad,Oudegracht,Apartment,137,1,furnished,Binnenstad,52.091868122087,5.1180602765473,3100
6,Vredenburg,3511BB,Wijk 06 Binnenstad,Vredenburg,Apartment,90,1,upholstered,Utrecht (geen wijken),52.09322749043,5.1138479790193,1395
7,Vredenburg,3511BD,Wijk 06 Binnenstad,Vredenburg,Apartment,50,1,shell,Binnenstad,52.092913467397004,5.113589539389901,1095
8,Hollandse Toren,3511BN,Wijk 06 Binnenstad,Hollandse Toren,Apartment,146,3,furnished,Hollandse Toren,52.092262998871,5.1138150213777,1807
9,Hollandse Toren,3511BN,Wijk 06 Binnenstad,Hollandse Toren,Apartment,99,2,furnished,Hollandse Toren,52.092262998871,5.1138150213777,1455
10,Hollandse Toren,3511BN,Wijk 06 Binnenstad,Hollandse Toren,Apartment,146,3,furnished,Hollandse Toren,52.092262998871,5.1138150213777,1807
11,Stationsstraat,3511EH,Wijk 06 Binnenstad,Stationsstraat,Apartment,95,2,furnished,Binnenstad,52.091287642488005,5.1124411653676,1750
12,Moreelsehoek182,3511EZ,Wijk 06 Binnenstad,Moreelsehoek,Apartment,70,1,shell,Binnenstad,52.08916262750999,5.1122013560149995,1175
13,Moreelsehoek,3511EZ,Wijk 06 Binnenstad,Moreelsehoek,Apartment,115,2,shell,Binnenstad,52.08916262750999,5.1122013560149995,1440
60,Voorstraat,3512AH,Wijk 06 Binnenstad,Voorstraat,Apartment,45,1,furnished,Binnenstad,52.094074177726,5.1193013550821,1850
14,Moreelsehoek158,3511EZ,Wijk 06 Binnenstad,Moreelsehoek,Apartment,49,1,shell,Binnenstad,52.08916262750999,5.1122013560149995,930
16,Nicolaas Beetsstraat194,3511HG,Wijk 06 Binnenstad,Nicolaas Beetsstraat,Apartment,72,2,upholstered,Binnenstad,52.084779934248,5.116765369393099,1595
17,Justus van Effenstraat,3511HN,Wijk 06 Binnenstad,Justus van Effenstraat,Apartment,31,1,upholstered,Binnenstad,52.083515018296005,5.1190276430849,825
18,Hartingstraat298,3511HV,Wijk 06 Binnenstad,Hartingstraat,Apartment,79,2,upholstered,Binnenstad,52.083971478026,5.1177355662604995,1495
19,Hartingstraat,3511HV,Wijk 06 Binnenstad,Hartingstraat,Apartment,115,2,furnished,Binnenstad,52.083971478026,5.1177355662604995,1450
20,Hartingstraat,3511HV,Wijk 06 Binnenstad,Hartingstraat,Apartment,84,2,furnished,Binnenstad,52.083971478026,5.1177355662604995,1750
21,Lauwersteeg,3511JM,Wijk 06 Binnenstad,Steenweg,Apartment,69,1,furnished,Binnenstad,52.090850768507,5.117715939942401,1695
22,Steenweg,3511JP,Wijk 06 Binnenstad,Steenweg,Apartment,60,1,upholstered,Binnenstad,52.090792140761,5.1192308444467,1950
23,Steenweg,3511JP,Wijk 06 Binnenstad,Steenweg,Apartment,45,1,upholstered,Binnenstad,52.090792140761,5.1192308444467,1650
24,Steenweg,3511JP,Wijk 06 Binnenstad,Steenweg,Apartment,60,1,upholstered,Binnenstad,52.090792140761,5.1192308444467,1950
25,Steenweg,3511JP,Wijk 06 Binnenstad,Steenweg,Apartment,45,1,upholstered,Binnenstad,52.090792140761,5.1192308444467,1650
26,2e Buurkerksteeg,3511KA,Wijk 06 Binnenstad,2e Buurkerksteeg,Apartment,110,2,upholstered,Binnenstad,52.090624474926,5.1185883543575,1850
27,Donkerstraat,3511KB,Wijk 06 Binnenstad,3e Buurkerksteeg,Apartment,65,1,furnished,Binnenstad,52.09037124889,5.118641295054401,1335
28,Donkerstraat,3511KB,Wijk 06 Binnenstad,3e Buurkerksteeg,Apartment,90,1,upholstered,Binnenstad,52.09037124889,5.118641295054401,1345
15,Moreelsehoek158,3511EZ,Wijk 06 Binnenstad,Moreelsehoek,Apartment,49,1,shell,Binnenstad,52.08916262750999,5.1122013560149995,930
76,Achter St.-Pieter,3512HT,Wijk 06 Binnenstad,Achter St.-Pieter,Apartment,50,1,furnished,Binnenstad,52.091320317836,5.1235500481196,2500
0,Zakkendragershof,3511AE,Wijk 06 Binnenstad,Zakkendragershof,Apartment,90,2,furnished,Binnenstad,52.092719381544,5.1157568800923,1495
61,Jansveld3-D,3512BD,Wijk 06 Binnenstad,Jansveld,Apartment,65,1,furnished,Binnenstad,52.093885252385995,5.1199104200294006,1650
92,Jacobijnenstraat,3512TH,Wijk 06 Binnenstad,Jacobijnenstraat,Apartment,67,1,furnished,Binnenstad,52.094982581538,5.1175262567403,1500
93,Agnietenstraat,3512XA,Wijk 06 Binnenstad,Agnietenstraat,Apartment,110,1,upholstered,Binnenstad,52.084147849905996,5.1267442275234005,1800
94,Agnietenstraat,3512XA,Wijk 06 Binnenstad,Agnietenstraat,Apartment,83,2,upholstered,Binnenstad,52.084147849905996,5.1267442275234005,1750
95,Agnietenstraat,3512XA,Wijk 06 Binnenstad,Agnietenstraat,Apartment,115,2,upholstered,Binnenstad,52.084147849905996,5.1267442275234005,1950
75,Achter St.-Pieter,3512HT,Wijk 06 Binnenstad,Achter St.-Pieter,Apartment,50,1,furnished,Binnenstad,52.091320317836,5.1235500481196,2500
74,Achter St.-Pieter,3512HT,Wijk 06 Binnenstad,Achter St.-Pieter,Apartment,50,1,furnished,Binnenstad,52.091320317836,5.1235500481196,2400
73,Achter St.-Pieter,3512HT,Wijk 06 Binnenstad,Achter St.-Pieter,Apartment,32,1,shell,Binnenstad,52.091320317836,5.1235500481196,1000
91,Groenestraat,3512PW,Wijk 06 Binnenstad,Groenestraat,Apartment,120,3,upholstered,Binnenstad,52.085848800802005,5.126199669163401,2195
72,Korte Jansstraat,3512GM,Wijk 06 Binnenstad,Korte Jansstraat,Apartment,123,3,furnished,Binnenstad,52.09246268144,5.1221980153068,2350
70,Oudkerkhof,3512GJ,Wijk 06 Binnenstad,Oudkerkhof,Apartment,65,2,upholstered,Binnenstad,52.091791122458,5.1215770350829,1495
69,Nobeldwarsstraat,3512EX,Wijk 06 Binnenstad,Korte Jufferstraat,House,75,2,furnished,Binnenstad,52.093888260974,5.125090520443201,1450
68,Nobelstraat,3512EM,Wijk 06 Binnenstad,Nobelstraat,Apartment,140,3,upholstered,Binnenstad,52.092917930038006,5.1252311195962,1800
67,Lange Jufferstraat,3512ED,Wijk 06 Binnenstad,Lange Jufferstraat,Apartment,68,2,upholstered,Binnenstad,52.093706333689006,5.125383034107499,1600
62,Janskerkhof,3512BL,Wijk 06 Binnenstad,Janskerkhof,Apartment,120,3,shell,Binnenstad,52.093495094807,5.1224995679970995,2300
63,Wolvenplein,3512CJ,Wijk 06 Binnenstad,Wolvenplein,House,165,4,upholstered,Binnenstad,52.09674825085,5.124879292610901,3750
64,Ridderschapstraat,3512CP,Wijk 06 Binnenstad,Ridderschapstraat,Apartment,70,1,upholstered,Binnenstad,52.095936984577,5.124768231571499,1595
71,Oudkerkhof,3512GJ,Wijk 06 Binnenstad,Oudkerkhof,Apartment,65,2,upholstered,Binnenstad,52.091791122458,5.1215770350829,1495
65,Ridderschapstraat,3512CP,Wijk 06 Binnenstad,Ridderschapstraat,Apartment,75,2,upholstered,Binnenstad,52.095936984577,5.124768231571499,1595
66,Ridderschapstraat,3512CP,Wijk 06 Binnenstad,Ridderschapstraat,Apartment,70,1,upholstered,Binnenstad,52.095936984577,5.124768231571499,1695
86,Zuilenstraat,3512NA,Wijk 06 Binnenstad,Zuilenstraat,Apartment,100,1,furnished,Binnenstad,52.086799283417996,5.1243627928095,2000
78,Achter St.-Pieter,3512HT,Wijk 06 Binnenstad,Achter St.-Pieter,Apartment,50,1,furnished,Binnenstad,52.091320317836,5.1235500481196,2400
79,Achter St.-Pieter,3512HT,Wijk 06 Binnenstad,Achter St.-Pieter,Apartment,60,3,furnished,Binnenstad,52.091320317836,5.1235500481196,3200
80,Domstraat,3512JA,Wijk 06 Binnenstad,Domstraat,Apartment,36,1,furnished,Binnenstad,52.091495206131,5.122216569113401,1250
81,Domstraat,3512JB,Wijk 06 Binnenstad,Domstraat,Apartment,42,1,upholstered,Binnenstad,52.091794397283,5.1225559891735,1125
90,Vrouwjuttenstraat,3512PS,Wijk 06 Binnenstad,Eligenhof,Apartment,60,1,furnished,Binnenstad,52.084854880093005,5.1233892004575,1750
89,Lange Nieuwstraat,3512PM,Wijk 06 Binnenstad,Lange Nieuwstraat,Apartment,108,2,furnished,Binnenstad,52.085319077756004,5.1252458636734,2500
88,Lange Nieuwstraat,3512PC,Wijk 06 Binnenstad,Lange Nieuwstraat,Apartment,50,1,furnished,Binnenstad,52.08738867228,5.1233682157414,1250
87,Zuilenstraat,3512NA,Wijk 06 Binnenstad,Zuilenstraat,Apartment,100,1,furnished,Binnenstad,52.086799283417996,5.1243627928095,2000
82,Nieuwekamp,3512KP,Wijk 06 Binnenstad,Nieuwekamp,Apartment,80,2,furnished,Binnenstad,52.088269013974,5.1270763214145,1695
85,Nieuwegracht,3512LV,Wijk 06 Binnenstad,Nieuwegracht aan de Werf,Apartment,58,1,furnished,Binnenstad,52.087239501107994,5.1262249067058,1275
84,Nieuwegracht,3512LC,Wijk 06 Binnenstad,Nieuwegracht,Apartment,54,1,furnished,Binnenstad,52.089243365833,5.1238302126905,2675
83,Jeruzalemstraat22,3512KX,Wijk 06 Binnenstad,Jeruzalemstraat,Apartment,55,1,furnished,Binnenstad,52.09008896216601,5.1261531673008,1425
124,Tolsteegplantsoen,3523AJ,Wijk 07 Zuid,Tolsteegplantsoen,Apartment,96,3,upholstered,Zuid,52.076078063553,5.1252368223883,1495
130,Wageningseberg,3524LV,Wijk 07 Zuid,Wageningseberg,Apartment,95,3,upholstered,Zuid,52.066640637121,5.1289355492382,1600
129,Oranje-Nassaulaan,3523VP,Wijk 07 Zuid,Oranje-Nassaulaan,House,110,4,furnished,Zuid,52.069497686752996,5.1241420032201,1675
128,Heemstedelaan,3523KE,Wijk 07 Zuid,Heemstedelaan,House,88,1,furnished,Zuid,52.066978201839,5.1211144224302,1595
127,Detmoldstraat,3523GH,Wijk 07 Zuid,Detmoldstraat,Apartment,65,2,upholstered,Zuid,52.068965190304006,5.125092636273,1375
126,Briljantlaan,3523CE,Wijk 07 Zuid,Briljantlaan,House,70,3,furnished,Zuid,52.074547608281,5.123582812068,1700
125,Barnsteenlaan35,3523BB,Wijk 07 Zuid,Barnsteenlaan,Apartment,100,4,upholstered,Zuid,52.073383025952,5.125402066113,1495
140,Bernadottelaan,3527GB,Wijk 08 Zuidwest,Bernadottelaan,Apartment,38,1,upholstered,Zuidwest,52.074416902576,5.0916424464115,1000
111,Groenmarktstraat,3521AV,Wijk 08 Zuidwest,Groenmarktstraat,Apartment,77,2,furnished,Zuidwest,52.083625934753,5.107934300819401,1999
141,Van Vollenhovenlaan,3527JA,Wijk 08 Zuidwest,Van Vollenhovenlaan,Apartment,77,2,upholstered,Zuidwest,52.078419325797995,5.0941064198678,1250
138,Van Heuven Goedhartlaan,3527CK,Wijk 08 Zuidwest,Van Heuven Goedhartlaan,Apartment,23,1,shell,Zuidwest,52.078469238009994,5.090835725171,595
143,Van Eysingalaan81,3527VB,Wijk 08 Zuidwest,Van Eysingalaan,Apartment,76,2,furnished,Zuidwest,52.077024753923,5.097547033332799,1400
144,Van Eysingalaan,3527VJ,Wijk 08 Zuidwest,Van Eysingalaan,Apartment,93,2,furnished,Zuidwest,52.079702209139,5.0952722715168,1350
145,Olof Palmelaan,3527WK,Wijk 08 Zuidwest,Olof Palmelaan,Apartment,85,2,furnished,Zuidwest,52.081777874138005,5.0943882585133,1595
146,Van Bijnkershoeklaan329,3527XJ,Wijk 08 Zuidwest,Van Bijnkershoeklaan,Apartment,85,3,upholstered,Zuidwest,52.075906488804996,5.099041524426401,1400
137,Trumanlaan,3527BP,Wijk 08 Zuidwest,Trumanlaan,Apartment,73,2,furnished,Zuidwest,52.073817784474,5.093086425649299,1425
136,Aziëlaan,3526SR,Wijk 08 Zuidwest,Aziëlaan,Apartment,102,3,furnished,Zuidwest,52.0658946475,5.106449478940299,1400
135,Aziëlaan322,3526SK,Wijk 08 Zuidwest,Aziëlaan,Apartment,105,3,upholstered,Zuidwest,52.066170053953,5.1047536501565,1350
134,Aziëlaan276,3526SJ,Wijk 08 Zuidwest,Aziëlaan,Apartment,102,3,shell,Zuidwest,52.066170053953,5.1047536501565,950
133,Aziëlaan,3526SJ,Wijk 08 Zuidwest,Aziëlaan,Apartment,73,2,upholstered,Zuidwest,52.066170053953,5.1047536501565,1250
132,Livingstonelaan1162,3526JT,Wijk 08 Zuidwest,Livingstonelaan,Apartment,107,2,furnished,Zuidwest,52.066643793926,5.103180634597,1600
131,Livingstonelaan,3526HS,Wijk 08 Zuidwest,Livingstonelaan,Apartment,80,3,furnished,Zuidwest,52.071703815837004,5.0986103145507,1395
123,Jutfaseweg,3522HS,Wijk 08 Zuidwest,Jutfaseweg,Apartment,43,1,upholstered,Zuidwest,52.06518720774201,5.113637458895901,1050
122,Vondellaan,3521GZ,Wijk 08 Zuidwest,Vondellaan,Apartment,55,1,shell,Zuidwest,52.077957031528996,5.1155989559712,1150
121,Voorsterbeeklaan,3521DJ,Wijk 08 Zuidwest,Voorsterbeeklaan,Apartment,95,1,furnished,Zuidwest,52.080993645589,5.1086736225452,1750
120,Voorsterbeeklaan188,3521DG,Wijk 08 Zuidwest,Voorsterbeeklaan,Apartment,110,2,furnished,Zuidwest,52.080780950065005,5.1083460527278,1750
119,Rolderdiephof,3521DD,Wijk 08 Zuidwest,Rolderdiephof,House,120,3,furnished,Zuidwest,52.079434211833004,5.1090134982185,1750
118,Rolderdiephof,3521DA,Wijk 08 Zuidwest,Rolderdiephof,Apartment,80,2,furnished,Zuidwest,52.081561928079005,5.1076543201515,1215
117,Croeselaan,3521CC,Wijk 08 Zuidwest,Croeselaan,Apartment,120,3,furnished,Zuidwest,52.083756156414005,5.110089893674,1685
116,Croeselaan,3521BR,Wijk 08 Zuidwest,Croeselaan,Apartment,55,1,upholstered,Zuidwest,52.08209451957,5.1110335801617,1295
115,Croeselaan,3521BR,Wijk 08 Zuidwest,Croeselaan,Apartment,55,1,upholstered,Zuidwest,52.08209451957,5.1110335801617,1295
114,Croeselaan247-A,3521BP,Wijk 08 Zuidwest,Croeselaan,Apartment,50,1,furnished,Zuidwest,52.082964595612005,5.110198571343,1850
113,Groenmarktstraat,3521AV,Wijk 08 Zuidwest,Groenmarktstraat,Apartment,95,2,furnished,Zuidwest,52.083625934753,5.107934300819401,1650
112,Groenmarktstraat,3521AV,Wijk 08 Zuidwest,Groenmarktstraat,Apartment,77,2,furnished,Zuidwest,52.083625934753,5.107934300819401,1999
139,Van Kleffenslaan,3527CM,Wijk 08 Zuidwest,Van Kleffenslaan,Apartment,29,1,shell,Zuidwest,52.07833201042,5.0905471971136,760
142,Loderlaan,3527KA,Wijk 08 Zuidwest,Loderlaan,Apartment,71,2,upholstered,Zuidwest,52.079375468467,5.096211560975799,1375
